{
  "hash": "4df1c8d5",
  "configHash": "06a50bc8",
  "lockfileHash": "80bca850",
  "browserHash": "f0e6ae86",
  "optimized": {
    "@angular/common": {
      "src": "../../../../../../node_modules/@angular/common/fesm2022/common.mjs",
      "file": "@angular_common.js",
      "fileHash": "6ffaa1ed",
      "needsInterop": false
    },
    "@angular/core": {
      "src": "../../../../../../node_modules/@angular/core/fesm2022/core.mjs",
      "file": "@angular_core.js",
      "fileHash": "4524dae9",
      "needsInterop": false
    },
    "@angular/forms": {
      "src": "../../../../../../node_modules/@angular/forms/fesm2022/forms.mjs",
      "file": "@angular_forms.js",
      "fileHash": "e5dba27f",
      "needsInterop": false
    },
    "@angular/platform-browser": {
      "src": "../../../../../../node_modules/@angular/platform-browser/fesm2022/platform-browser.mjs",
      "file": "@angular_platform-browser.js",
      "fileHash": "0e2ead95",
      "needsInterop": false
    },
    "@angular/router": {
      "src": "../../../../../../node_modules/@angular/router/fesm2022/router.mjs",
      "file": "@angular_router.js",
      "fileHash": "17a62e89",
      "needsInterop": false
    }
  },
  "chunks": {
    "chunk-B4NEMHDD": {
      "file": "chunk-B4NEMHDD.js"
    },
    "chunk-JLFEXSMZ": {
      "file": "chunk-JLFEXSMZ.js"
    },
    "chunk-XPARGKCT": {
      "file": "chunk-XPARGKCT.js"
    }
  }
}