{
  "hash": "d081f52b",
  "configHash": "fb712909",
  "lockfileHash": "0de855c7",
  "browserHash": "315c783d",
  "optimized": {
    "@angular/common": {
      "src": "../../../../../../node_modules/@angular/common/fesm2022/common.mjs",
      "file": "@angular_common.js",
      "fileHash": "9ce2a9df",
      "needsInterop": false
    },
    "@angular/core": {
      "src": "../../../../../../node_modules/@angular/core/fesm2022/core.mjs",
      "file": "@angular_core.js",
      "fileHash": "e9e18546",
      "needsInterop": false
    },
    "@angular/forms": {
      "src": "../../../../../../node_modules/@angular/forms/fesm2022/forms.mjs",
      "file": "@angular_forms.js",
      "fileHash": "ef7355b5",
      "needsInterop": false
    },
    "@angular/platform-browser": {
      "src": "../../../../../../node_modules/@angular/platform-browser/fesm2022/platform-browser.mjs",
      "file": "@angular_platform-browser.js",
      "fileHash": "3d7f07b8",
      "needsInterop": false
    },
    "@angular/router": {
      "src": "../../../../../../node_modules/@angular/router/fesm2022/router.mjs",
      "file": "@angular_router.js",
      "fileHash": "84f70305",
      "needsInterop": false
    },
    "@angular/common/http": {
      "src": "../../../../../../node_modules/@angular/common/fesm2022/http.mjs",
      "file": "@angular_common_http.js",
      "fileHash": "d3e112cb",
      "needsInterop": false
    }
  },
  "chunks": {
    "chunk-YRU2HRBE": {
      "file": "chunk-YRU2HRBE.js"
    },
    "chunk-N7BYCKIZ": {
      "file": "chunk-N7BYCKIZ.js"
    },
    "chunk-6OORFGZS": {
      "file": "chunk-6OORFGZS.js"
    },
    "chunk-KQVTM4CV": {
      "file": "chunk-KQVTM4CV.js"
    }
  }
}